[{"model": "api_geo_burkina.departements", "pk": 1, "fields": {"nom": "Boromo", "province": null}}, {"model": "api_geo_burkina.departements", "pk": 2, "fields": {"nom": "Kongoussi", "province": null}}, {"model": "api_geo_burkina.departements", "pk": 3, "fields": {"nom": "Solenzo", "province": null}}, {"model": "api_geo_burkina.departements", "pk": 4, "fields": {"nom": "Kombissiri", "province": null}}, {"model": "api_geo_burkina.departements", "pk": 5, "fields": {"nom": "Diébougou", "province": null}}, {"model": "api_geo_burkina.departements", "pk": 6, "fields": {"nom": "Tenkodogo", "province": null}}, {"model": "api_geo_burkina.departements", "pk": 7, "fields": {"nom": "Koudougou", "province": null}}, {"model": "api_geo_burkina.departements", "pk": 8, "fields": {"nom": "Banfora", "province": null}}, {"model": "api_geo_burkina.departements", "pk": 9, "fields": {"nom": "Zorgho", "province": null}}, {"model": "api_geo_burkina.departements", "pk": 10, "fields": {"nom": "Bogandé", "province": null}}, {"model": "api_geo_burkina.departements", "pk": 11, "fields": {"nom": "Fad N’Gourma", "province": null}}, {"model": "api_geo_burkina.departements", "pk": 12, "fields": {"nom": "Bobo-Dioulasso", "province": null}}, {"model": "api_geo_burkina.departements", "pk": 13, "fields": {"nom": "Dano", "province": null}}, {"model": "api_geo_burkina.departements", "pk": 14, "fields": {"nom": "Ouagadougou", "province": null}}, {"model": "api_geo_burkina.departements", "pk": 15, "fields": {"nom": "Orodara", "province": null}}, {"model": "api_geo_burkina.departements", "pk": 16, "fields": {"nom": "Gayeri", "province": null}}, {"model": "api_geo_burkina.departements", "pk": 17, "fields": {"nom": "Pama", "province": null}}, {"model": "api_geo_burkina.departements", "pk": 18, "fields": {"nom": "Nouna", "province": null}}, {"model": "api_geo_burkina.departements", "pk": 19, "fields": {"nom": "Ouargaye", "province": null}}, {"model": "api_geo_burkina.departements", "pk": 20, "fields": {"nom": "Koupèla", "province": null}}, {"model": "api_geo_burkina.departements", "pk": 21, "fields": {"nom": "Boussé", "province": null}}, {"model": "api_geo_burkina.departements", "pk": 22, "fields": {"nom": "Sindou", "province": null}}, {"model": "api_geo_burkina.departements", "pk": 23, "fields": {"nom": "Titao", "province": null}}, {"model": "api_geo_burkina.departements", "pk": 24, "fields": {"nom": "Dédougou", "province": null}}, {"model": "api_geo_burkina.departements", "pk": 25, "fields": {"nom": "Pô", "province": null}}, {"model": "api_geo_burkina.departements", "pk": 26, "fields": {"nom": "Boulsa", "province": null}}, {"model": "api_geo_burkina.departements", "pk": 27, "fields": {"nom": "Toma", "province": null}}, {"model": "api_geo_burkina.departements", "pk": 28, "fields": {"nom": "Batié", "province": null}}, {"model": "api_geo_burkina.departements", "pk": 29, "fields": {"nom": "Ziniaré", "province": null}}, {"model": "api_geo_burkina.departements", "pk": 30, "fields": {"nom": "Gorom-Gorom", "province": null}}, {"model": "api_geo_burkina.departements", "pk": 31, "fields": {"nom": "Yako", "province": null}}, {"model": "api_geo_burkina.departements", "pk": 32, "fields": {"nom": "Gaoua", "province": null}}, {"model": "api_geo_burkina.departements", "pk": 33, "fields": {"nom": "Réo", "province": null}}, {"model": "api_geo_burkina.departements", "pk": 34, "fields": {"nom": "Kaya", "province": null}}, {"model": "api_geo_burkina.departements", "pk": 35, "fields": {"nom": "Dori", "province": null}}, {"model": "api_geo_burkina.departements", "pk": 36, "fields": {"nom": "Léo", "province": null}}, {"model": "api_geo_burkina.departements", "pk": 37, "fields": {"nom": "Djibo", "province": null}}, {"model": "api_geo_burkina.departements", "pk": 38, "fields": {"nom": "Tougan", "province": null}}, {"model": "api_geo_burkina.departements", "pk": 39, "fields": {"nom": "Diapaga", "province": null}}, {"model": "api_geo_burkina.departements", "pk": 40, "fields": {"nom": "Houndé", "province": null}}, {"model": "api_geo_burkina.departements", "pk": 41, "fields": {"nom": "Sebba", "province": null}}, {"model": "api_geo_burkina.departements", "pk": 42, "fields": {"nom": "Ouahigouya", "province": 42}}, {"model": "api_geo_burkina.departements", "pk": 43, "fields": {"nom": "Sapouy", "province": 43}}, {"model": "api_geo_burkina.departements", "pk": 44, "fields": {"nom": "Gourcy", "province": 44}}, {"model": "api_geo_burkina.departements", "pk": 45, "fields": {"nom": "Manga", "province": null}}, {"model": "api_geo_burkina.departements", "pk": 46, "fields": {"nom": "Bagassi", "province": null}}, {"model": "api_geo_burkina.departements", "pk": 47, "fields": {"nom": "Fara", "province": null}}, {"model": "api_geo_burkina.departements", "pk": 48, "fields": {"nom": "Pa", "province": null}}, {"model": "api_geo_burkina.departements", "pk": 49, "fields": {"nom": "Pompoï", "province": null}}, {"model": "api_geo_burkina.departements", "pk": 50, "fields": {"nom": "Poura", "province": null}}, {"model": "api_geo_burkina.departements", "pk": 51, "fields": {"nom": "Siby", "province": null}}, {"model": "api_geo_burkina.departements", "pk": 52, "fields": {"nom": "Oury", "province": null}}, {"model": "api_geo_burkina.departements", "pk": 53, "fields": {"nom": "Yaho", "province": null}}, {"model": "api_geo_burkina.departements", "pk": 54, "fields": {"nom": "Bourzanga", "province": null}}, {"model": "api_geo_burkina.departements", "pk": 55, "fields": {"nom": "Guibaré", "province": null}}, {"model": "api_geo_burkina.departements", "pk": 56, "fields": {"nom": "Nasséré", "province": null}}, {"model": "api_geo_burkina.departements", "pk": 57, "fields": {"nom": "Tikaré", "province": null}}, {"model": "api_geo_burkina.departements", "pk": 58, "fields": {"nom": "Sabcé", "province": null}}, {"model": "api_geo_burkina.departements", "pk": 59, "fields": {"nom": "Rollo", "province": null}}, {"model": "api_geo_burkina.departements", "pk": 60, "fields": {"nom": "Rouko", "province": null}}, {"model": "api_geo_burkina.departements", "pk": 61, "fields": {"nom": "Zitenga", "province": null}}, {"model": "api_geo_burkina.departements", "pk": 62, "fields": {"nom": "Balavé", "province": null}}, {"model": "api_geo_burkina.departements", "pk": 63, "fields": {"nom": "Kouka", "province": null}}, {"model": "api_geo_burkina.departements", "pk": 64, "fields": {"nom": "Tansila", "province": null}}, {"model": "api_geo_burkina.departements", "pk": 65, "fields": {"nom": "Sami", "province": null}}, {"model": "api_geo_burkina.departements", "pk": 66, "fields": {"nom": "Sanaba", "province": null}}, {"model": "api_geo_burkina.departements", "pk": 67, "fields": {"nom": "Doulougou", "province": null}}, {"model": "api_geo_burkina.departements", "pk": 68, "fields": {"nom": "Ipelcé", "province": null}}, {"model": "api_geo_burkina.departements", "pk": 69, "fields": {"nom": "Gaongo", "province": null}}, {"model": "api_geo_burkina.departements", "pk": 70, "fields": {"nom": "Kayao", "province": null}}, {"model": "api_geo_burkina.departements", "pk": 71, "fields": {"nom": "Toécé", "province": null}}, {"model": "api_geo_burkina.departements", "pk": 72, "fields": {"nom": "Saponé", "province": null}}, {"model": "api_geo_burkina.departements", "pk": 73, "fields": {"nom": "Dolo", "province": null}}, {"model": "api_geo_burkina.departements", "pk": 74, "fields": {"nom": "Tiankoura", "province": null}}, {"model": "api_geo_burkina.departements", "pk": 75, "fields": {"nom": "Bonddigui", "province": null}}, {"model": "api_geo_burkina.departements", "pk": 76, "fields": {"nom": "Nioroniorro", "province": null}}, {"model": "api_geo_burkina.departements", "pk": 77, "fields": {"nom": "Oronkua", "province": null}}, {"model": "api_geo_burkina.departements", "pk": 78, "fields": {"nom": "Bané", "province": null}}, {"model": "api_geo_burkina.departements", "pk": 79, "fields": {"nom": "Bagré", "province": null}}, {"model": "api_geo_burkina.departements", "pk": 80, "fields": {"nom": "Béguédo", "province": null}}, {"model": "api_geo_burkina.departements", "pk": 81, "fields": {"nom": "Bittou", "province": null}}, {"model": "api_geo_burkina.departements", "pk": 82, "fields": {"nom": "Boussouma", "province": null}}, {"model": "api_geo_burkina.departements", "pk": 83, "fields": {"nom": "Bissiga", "province": null}}, {"model": "api_geo_burkina.departements", "pk": 84, "fields": {"nom": "Garango", "province": null}}, {"model": "api_geo_burkina.departements", "pk": 85, "fields": {"nom": "Komtoéga", "province": null}}, {"model": "api_geo_burkina.departements", "pk": 86, "fields": {"nom": "Niagho", "province": null}}, {"model": "api_geo_burkina.departements", "pk": 87, "fields": {"nom": "Zabré", "province": null}}, {"model": "api_geo_burkina.departements", "pk": 88, "fields": {"nom": "Zoaga", "province": null}}, {"model": "api_geo_burkina.departements", "pk": 89, "fields": {"nom": "Zonsé", "province": null}}, {"model": "api_geo_burkina.departements", "pk": 90, "fields": {"nom": "Bingo", "province": null}}, {"model": "api_geo_burkina.departements", "pk": 91, "fields": {"nom": "Imasgo", "province": null}}, {"model": "api_geo_burkina.departements", "pk": 92, "fields": {"nom": "Kindi", "province": null}}, {"model": "api_geo_burkina.departements", "pk": 93, "fields": {"nom": "Kokologo", "province": null}}, {"model": "api_geo_burkina.departements", "pk": 94, "fields": {"nom": "Nanoro", "province": null}}, {"model": "api_geo_burkina.departements", "pk": 95, "fields": {"nom": "Niandiala", "province": null}}, {"model": "api_geo_burkina.departements", "pk": 96, "fields": {"nom": "Pella", "province": null}}, {"model": "api_geo_burkina.departements", "pk": 97, "fields": {"nom": "Poa", "province": null}}, {"model": "api_geo_burkina.departements", "pk": 98, "fields": {"nom": "Ramongo", "province": null}}, {"model": "api_geo_burkina.departements", "pk": 99, "fields": {"nom": "Sabou", "province": null}}, {"model": "api_geo_burkina.departements", "pk": 100, "fields": {"nom": "Siglé", "province": null}}, {"model": "api_geo_burkina.departements", "pk": 101, "fields": {"nom": "Sourgou", "province": null}}, {"model": "api_geo_burkina.departements", "pk": 102, "fields": {"nom": "Thiou", "province": 42}}, {"model": "api_geo_burkina.departements", "pk": 103, "fields": {"nom": "Soaw", "province": null}}, {"model": "api_geo_burkina.departements", "pk": 104, "fields": {"nom": "Bérégadougou", "province": null}}, {"model": "api_geo_burkina.departements", "pk": 105, "fields": {"nom": "Mangodara", "province": null}}, {"model": "api_geo_burkina.departements", "pk": 106, "fields": {"nom": "Moussodougou", "province": null}}, {"model": "api_geo_burkina.departements", "pk": 107, "fields": {"nom": "Niangoloko", "province": null}}, {"model": "api_geo_burkina.departements", "pk": 108, "fields": {"nom": "Ouo", "province": null}}, {"model": "api_geo_burkina.departements", "pk": 109, "fields": {"nom": "Sidéradougou", "province": null}}, {"model": "api_geo_burkina.departements", "pk": 110, "fields": {"nom": "Soubakaniédougou", "province": null}}, {"model": "api_geo_burkina.departements", "pk": 111, "fields": {"nom": "Tiéfora", "province": null}}, {"model": "api_geo_burkina.departements", "pk": 112, "fields": {"nom": "Boudry", "province": null}}, {"model": "api_geo_burkina.departements", "pk": 113, "fields": {"nom": "Kogo", "province": null}}, {"model": "api_geo_burkina.departements", "pk": 114, "fields": {"nom": "Méguet", "province": null}}, {"model": "api_geo_burkina.departements", "pk": 115, "fields": {"nom": "Mogtédo", "province": null}}, {"model": "api_geo_burkina.departements", "pk": 116, "fields": {"nom": "Salogo", "province": null}}, {"model": "api_geo_burkina.departements", "pk": 117, "fields": {"nom": "Zam", "province": null}}, {"model": "api_geo_burkina.departements", "pk": 118, "fields": {"nom": "Zoungou", "province": null}}, {"model": "api_geo_burkina.departements", "pk": 119, "fields": {"nom": "Coalla", "province": null}}, {"model": "api_geo_burkina.departements", "pk": 120, "fields": {"nom": "Bilanga", "province": null}}, {"model": "api_geo_burkina.departements", "pk": 121, "fields": {"nom": "Liptougou", "province": null}}, {"model": "api_geo_burkina.departements", "pk": 122, "fields": {"nom": "Mani", "province": null}}, {"model": "api_geo_burkina.departements", "pk": 123, "fields": {"nom": "Pièla", "province": null}}, {"model": "api_geo_burkina.departements", "pk": 124, "fields": {"nom": "Thion", "province": null}}, {"model": "api_geo_burkina.departements", "pk": 125, "fields": {"nom": "Diabo", "province": null}}, {"model": "api_geo_burkina.departements", "pk": 126, "fields": {"nom": "Diapangou", "province": null}}, {"model": "api_geo_burkina.departements", "pk": 127, "fields": {"nom": "Matiacoali", "province": null}}, {"model": "api_geo_burkina.departements", "pk": 128, "fields": {"nom": "Tibga", "province": null}}, {"model": "api_geo_burkina.departements", "pk": 129, "fields": {"nom": "Yamba", "province": null}}, {"model": "api_geo_burkina.departements", "pk": 130, "fields": {"nom": "Bama", "province": null}}, {"model": "api_geo_burkina.departements", "pk": 131, "fields": {"nom": "Dandé", "province": null}}, {"model": "api_geo_burkina.departements", "pk": 132, "fields": {"nom": "Karangasso-Sambla", "province": null}}, {"model": "api_geo_burkina.departements", "pk": 133, "fields": {"nom": "Karankasso-Vigué", "province": null}}, {"model": "api_geo_burkina.departements", "pk": 134, "fields": {"nom": "Koundougou", "province": null}}, {"model": "api_geo_burkina.departements", "pk": 135, "fields": {"nom": "Faramana", "province": null}}, {"model": "api_geo_burkina.departements", "pk": 136, "fields": {"nom": "Fô", "province": null}}, {"model": "api_geo_burkina.departements", "pk": 137, "fields": {"nom": "Léna", "province": null}}, {"model": "api_geo_burkina.departements", "pk": 138, "fields": {"nom": "Padéma", "province": null}}, {"model": "api_geo_burkina.departements", "pk": 139, "fields": {"nom": "Péni", "province": null}}, {"model": "api_geo_burkina.departements", "pk": 140, "fields": {"nom": "Satiri", "province": null}}, {"model": "api_geo_burkina.departements", "pk": 141, "fields": {"nom": "Toussiana", "province": null}}, {"model": "api_geo_burkina.departements", "pk": 142, "fields": {"nom": "Dissin", "province": null}}, {"model": "api_geo_burkina.departements", "pk": 143, "fields": {"nom": "Guéguéré", "province": null}}, {"model": "api_geo_burkina.departements", "pk": 144, "fields": {"nom": "Koper", "province": null}}, {"model": "api_geo_burkina.departements", "pk": 145, "fields": {"nom": "Oronkua", "province": null}}, {"model": "api_geo_burkina.departements", "pk": 146, "fields": {"nom": "Ouéssa", "province": null}}, {"model": "api_geo_burkina.departements", "pk": 147, "fields": {"nom": "Niégo", "province": null}}, {"model": "api_geo_burkina.departements", "pk": 148, "fields": {"nom": "Zambo", "province": null}}, {"model": "api_geo_burkina.departements", "pk": 149, "fields": {"nom": "Komki-Ipala", "province": null}}, {"model": "api_geo_burkina.departements", "pk": 150, "fields": {"nom": "Koubri", "province": null}}, {"model": "api_geo_burkina.departements", "pk": 151, "fields": {"nom": "Komsilga", "province": null}}, {"model": "api_geo_burkina.departements", "pk": 152, "fields": {"nom": "Pabré", "province": null}}, {"model": "api_geo_burkina.departements", "pk": 153, "fields": {"nom": "Saaba", "province": null}}, {"model": "api_geo_burkina.departements", "pk": 154, "fields": {"nom": "Tanghin-Dassouri", "province": null}}, {"model": "api_geo_burkina.departements", "pk": 155, "fields": {"nom": "Banzon", "province": null}}, {"model": "api_geo_burkina.departements", "pk": 156, "fields": {"nom": "Djigouéra", "province": null}}, {"model": "api_geo_burkina.departements", "pk": 157, "fields": {"nom": "Kayan", "province": null}}, {"model": "api_geo_burkina.departements", "pk": 158, "fields": {"nom": "Kangala", "province": null}}, {"model": "api_geo_burkina.departements", "pk": 159, "fields": {"nom": "Koloko", "province": null}}, {"model": "api_geo_burkina.departements", "pk": 160, "fields": {"nom": "Kourouma", "province": null}}, {"model": "api_geo_burkina.departements", "pk": 161, "fields": {"nom": "Kourinion", "province": null}}, {"model": "api_geo_burkina.departements", "pk": 162, "fields": {"nom": "Morolaba", "province": null}}, {"model": "api_geo_burkina.departements", "pk": 163, "fields": {"nom": "N’Dorola", "province": null}}, {"model": "api_geo_burkina.departements", "pk": 164, "fields": {"nom": "Samogohiri", "province": null}}, {"model": "api_geo_burkina.departements", "pk": 165, "fields": {"nom": "Samorogouan", "province": null}}, {"model": "api_geo_burkina.departements", "pk": 166, "fields": {"nom": "Sindo", "province": null}}, {"model": "api_geo_burkina.departements", "pk": 167, "fields": {"nom": "Bartiébougou", "province": null}}, {"model": "api_geo_burkina.departements", "pk": 168, "fields": {"nom": "Foutouri", "province": null}}, {"model": "api_geo_burkina.departements", "pk": 169, "fields": {"nom": "Kompienga", "province": null}}, {"model": "api_geo_burkina.departements", "pk": 170, "fields": {"nom": "Madjoari", "province": null}}, {"model": "api_geo_burkina.departements", "pk": 171, "fields": {"nom": "Barani", "province": null}}, {"model": "api_geo_burkina.departements", "pk": 172, "fields": {"nom": "Bomborokuy", "province": null}}, {"model": "api_geo_burkina.departements", "pk": 173, "fields": {"nom": "Bourasso", "province": null}}, {"model": "api_geo_burkina.departements", "pk": 174, "fields": {"nom": "Djibasso", "province": null}}, {"model": "api_geo_burkina.departements", "pk": 175, "fields": {"nom": "Dokuy", "province": null}}, {"model": "api_geo_burkina.departements", "pk": 176, "fields": {"nom": "Doumbala", "province": null}}, {"model": "api_geo_burkina.departements", "pk": 177, "fields": {"nom": "Kombori", "province": null}}, {"model": "api_geo_burkina.departements", "pk": 178, "fields": {"nom": "Madouba", "province": null}}, {"model": "api_geo_burkina.departements", "pk": 179, "fields": {"nom": "Sono", "province": null}}, {"model": "api_geo_burkina.departements", "pk": 180, "fields": {"nom": "Comin-Yanga", "province": null}}, {"model": "api_geo_burkina.departements", "pk": 181, "fields": {"nom": "Dourtenga", "province": null}}, {"model": "api_geo_burkina.departements", "pk": 182, "fields": {"nom": "Lalgaye", "province": null}}, {"model": "api_geo_burkina.departements", "pk": 183, "fields": {"nom": "Sangha", "province": null}}, {"model": "api_geo_burkina.departements", "pk": 184, "fields": {"nom": "Soudougui", "province": null}}, {"model": "api_geo_burkina.departements", "pk": 185, "fields": {"nom": "Yargatenga", "province": null}}, {"model": "api_geo_burkina.departements", "pk": 186, "fields": {"nom": "Yondé", "province": null}}, {"model": "api_geo_burkina.departements", "pk": 187, "fields": {"nom": "Andemtenga", "province": null}}, {"model": "api_geo_burkina.departements", "pk": 188, "fields": {"nom": "Baskouré", "province": null}}, {"model": "api_geo_burkina.departements", "pk": 189, "fields": {"nom": "Dialgaye", "province": null}}, {"model": "api_geo_burkina.departements", "pk": 190, "fields": {"nom": "Gounghin", "province": null}}, {"model": "api_geo_burkina.departements", "pk": 191, "fields": {"nom": "Kando", "province": null}}, {"model": "api_geo_burkina.departements", "pk": 192, "fields": {"nom": "Pouytenga", "province": null}}, {"model": "api_geo_burkina.departements", "pk": 193, "fields": {"nom": "Tensobentenga", "province": null}}, {"model": "api_geo_burkina.departements", "pk": 194, "fields": {"nom": "Yargo", "province": null}}, {"model": "api_geo_burkina.departements", "pk": 195, "fields": {"nom": "Laye", "province": null}}, {"model": "api_geo_burkina.departements", "pk": 196, "fields": {"nom": "Niou", "province": null}}, {"model": "api_geo_burkina.departements", "pk": 197, "fields": {"nom": "Sourgoubila", "province": null}}, {"model": "api_geo_burkina.departements", "pk": 198, "fields": {"nom": "Toeghin", "province": null}}, {"model": "api_geo_burkina.departements", "pk": 199, "fields": {"nom": "Dakoro", "province": null}}, {"model": "api_geo_burkina.departements", "pk": 200, "fields": {"nom": "Douna", "province": null}}, {"model": "api_geo_burkina.departements", "pk": 201, "fields": {"nom": "Kankalaba", "province": null}}, {"model": "api_geo_burkina.departements", "pk": 202, "fields": {"nom": "Loumana", "province": null}}, {"model": "api_geo_burkina.departements", "pk": 203, "fields": {"nom": "Niankorodougou", "province": null}}, {"model": "api_geo_burkina.departements", "pk": 204, "fields": {"nom": "Ouélini", "province": null}}, {"model": "api_geo_burkina.departements", "pk": 205, "fields": {"nom": "Wolonkoto", "province": null}}, {"model": "api_geo_burkina.departements", "pk": 206, "fields": {"nom": "Banh", "province": null}}, {"model": "api_geo_burkina.departements", "pk": 207, "fields": {"nom": "Ouinddigui", "province": null}}, {"model": "api_geo_burkina.departements", "pk": 208, "fields": {"nom": "Sollé", "province": null}}, {"model": "api_geo_burkina.departements", "pk": 209, "fields": {"nom": "Bondokuy", "province": null}}, {"model": "api_geo_burkina.departements", "pk": 210, "fields": {"nom": "Douroula", "province": null}}, {"model": "api_geo_burkina.departements", "pk": 211, "fields": {"nom": "Kona", "province": null}}, {"model": "api_geo_burkina.departements", "pk": 212, "fields": {"nom": "Ouarkoye", "province": null}}, {"model": "api_geo_burkina.departements", "pk": 213, "fields": {"nom": "Safané", "province": null}}, {"model": "api_geo_burkina.departements", "pk": 214, "fields": {"nom": "Tchériba", "province": null}}, {"model": "api_geo_burkina.departements", "pk": 215, "fields": {"nom": "Guiaro", "province": null}}, {"model": "api_geo_burkina.departements", "pk": 216, "fields": {"nom": "Tiébélé", "province": null}}, {"model": "api_geo_burkina.departements", "pk": 217, "fields": {"nom": "Ziou", "province": null}}, {"model": "api_geo_burkina.departements", "pk": 218, "fields": {"nom": "Zecco", "province": null}}, {"model": "api_geo_burkina.departements", "pk": 219, "fields": {"nom": "Bouroum", "province": null}}, {"model": "api_geo_burkina.departements", "pk": 220, "fields": {"nom": "Dargo", "province": null}}, {"model": "api_geo_burkina.departements", "pk": 221, "fields": {"nom": "Tougouri", "province": null}}, {"model": "api_geo_burkina.departements", "pk": 222, "fields": {"nom": "Yalgo", "province": null}}, {"model": "api_geo_burkina.departements", "pk": 223, "fields": {"nom": "Zéguédéguin", "province": null}}, {"model": "api_geo_burkina.departements", "pk": 224, "fields": {"nom": "Boala", "province": null}}, {"model": "api_geo_burkina.departements", "pk": 225, "fields": {"nom": "Nagbingou", "province": null}}, {"model": "api_geo_burkina.departements", "pk": 226, "fields": {"nom": "Gassan", "province": null}}, {"model": "api_geo_burkina.departements", "pk": 227, "fields": {"nom": "Gossina", "province": null}}, {"model": "api_geo_burkina.departements", "pk": 228, "fields": {"nom": "Kougny", "province": null}}, {"model": "api_geo_burkina.departements", "pk": 229, "fields": {"nom": "Yaba", "province": null}}, {"model": "api_geo_burkina.departements", "pk": 230, "fields": {"nom": "Yé", "province": null}}, {"model": "api_geo_burkina.departements", "pk": 231, "fields": {"nom": "Boussoukoula", "province": null}}, {"model": "api_geo_burkina.departements", "pk": 232, "fields": {"nom": "Kpéré", "province": null}}, {"model": "api_geo_burkina.departements", "pk": 233, "fields": {"nom": "Legmoin", "province": null}}, {"model": "api_geo_burkina.departements", "pk": 234, "fields": {"nom": "Midebdo", "province": null}}, {"model": "api_geo_burkina.departements", "pk": 235, "fields": {"nom": "Absouya", "province": null}}, {"model": "api_geo_burkina.departements", "pk": 236, "fields": {"nom": "Dapélogo", "province": null}}, {"model": "api_geo_burkina.departements", "pk": 237, "fields": {"nom": "Ourgou-Manéga", "province": null}}, {"model": "api_geo_burkina.departements", "pk": 238, "fields": {"nom": "Loumbila", "province": null}}, {"model": "api_geo_burkina.departements", "pk": 239, "fields": {"nom": "Nagreongo", "province": null}}, {"model": "api_geo_burkina.departements", "pk": 240, "fields": {"nom": "Zitenga", "province": null}}, {"model": "api_geo_burkina.departements", "pk": 241, "fields": {"nom": "Déou", "province": null}}, {"model": "api_geo_burkina.departements", "pk": 242, "fields": {"nom": "Makoye", "province": null}}, {"model": "api_geo_burkina.departements", "pk": 243, "fields": {"nom": "Oursi", "province": null}}, {"model": "api_geo_burkina.departements", "pk": 244, "fields": {"nom": "Tinakoff", "province": null}}, {"model": "api_geo_burkina.departements", "pk": 245, "fields": {"nom": "Arbollé", "province": null}}, {"model": "api_geo_burkina.departements", "pk": 246, "fields": {"nom": "Bagaré", "province": null}}, {"model": "api_geo_burkina.departements", "pk": 247, "fields": {"nom": "Bokin", "province": null}}, {"model": "api_geo_burkina.departements", "pk": 248, "fields": {"nom": "Gompomssom", "province": null}}, {"model": "api_geo_burkina.departements", "pk": 249, "fields": {"nom": "Lâ-todin", "province": null}}, {"model": "api_geo_burkina.departements", "pk": 250, "fields": {"nom": "Kirsi", "province": null}}, {"model": "api_geo_burkina.departements", "pk": 251, "fields": {"nom": "Pilimpikou", "province": null}}, {"model": "api_geo_burkina.departements", "pk": 252, "fields": {"nom": "Samba", "province": null}}, {"model": "api_geo_burkina.departements", "pk": 253, "fields": {"nom": "Bourou-Bouroum", "province": null}}, {"model": "api_geo_burkina.departements", "pk": 254, "fields": {"nom": "Bousséra", "province": null}}, {"model": "api_geo_burkina.departements", "pk": 255, "fields": {"nom": "Djigoué", "province": null}}, {"model": "api_geo_burkina.departements", "pk": 256, "fields": {"nom": "Gbomblora", "province": null}}, {"model": "api_geo_burkina.departements", "pk": 257, "fields": {"nom": "Kampti", "province": null}}, {"model": "api_geo_burkina.departements", "pk": 258, "fields": {"nom": "Loropéni", "province": null}}, {"model": "api_geo_burkina.departements", "pk": 259, "fields": {"nom": "Malba", "province": null}}, {"model": "api_geo_burkina.departements", "pk": 260, "fields": {"nom": "Nako", "province": null}}, {"model": "api_geo_burkina.departements", "pk": 261, "fields": {"nom": "Périgban", "province": null}}, {"model": "api_geo_burkina.departements", "pk": 262, "fields": {"nom": "Dassa", "province": null}}, {"model": "api_geo_burkina.departements", "pk": 263, "fields": {"nom": "Didir", "province": null}}, {"model": "api_geo_burkina.departements", "pk": 264, "fields": {"nom": "Godir", "province": null}}, {"model": "api_geo_burkina.departements", "pk": 265, "fields": {"nom": "Kordié", "province": null}}, {"model": "api_geo_burkina.departements", "pk": 266, "fields": {"nom": "Kyon", "province": null}}, {"model": "api_geo_burkina.departements", "pk": 267, "fields": {"nom": "Pouni", "province": null}}, {"model": "api_geo_burkina.departements", "pk": 268, "fields": {"nom": "Tenado", "province": null}}, {"model": "api_geo_burkina.departements", "pk": 269, "fields": {"nom": "Zamo", "province": null}}, {"model": "api_geo_burkina.departements", "pk": 270, "fields": {"nom": "Zawara", "province": null}}, {"model": "api_geo_burkina.departements", "pk": 271, "fields": {"nom": "Boussouma", "province": null}}, {"model": "api_geo_burkina.departements", "pk": 272, "fields": {"nom": "Barsalogho", "province": null}}, {"model": "api_geo_burkina.departements", "pk": 273, "fields": {"nom": "Dablo", "province": null}}, {"model": "api_geo_burkina.departements", "pk": 274, "fields": {"nom": "Mané", "province": null}}, {"model": "api_geo_burkina.departements", "pk": 275, "fields": {"nom": "Korsimoro", "province": null}}, {"model": "api_geo_burkina.departements", "pk": 276, "fields": {"nom": "Pibaoré", "province": null}}, {"model": "api_geo_burkina.departements", "pk": 277, "fields": {"nom": "Pissila", "province": null}}, {"model": "api_geo_burkina.departements", "pk": 278, "fields": {"nom": "Pensa", "province": null}}, {"model": "api_geo_burkina.departements", "pk": 279, "fields": {"nom": "Namissiguima", "province": 42}}, {"model": "api_geo_burkina.departements", "pk": 280, "fields": {"nom": "Ziga", "province": null}}, {"model": "api_geo_burkina.departements", "pk": 281, "fields": {"nom": "Bani", "province": null}}, {"model": "api_geo_burkina.departements", "pk": 282, "fields": {"nom": "Gorgadji", "province": null}}, {"model": "api_geo_burkina.departements", "pk": 283, "fields": {"nom": "Falagountou", "province": null}}, {"model": "api_geo_burkina.departements", "pk": 284, "fields": {"nom": "Sampelga", "province": null}}, {"model": "api_geo_burkina.departements", "pk": 285, "fields": {"nom": "Seytenga", "province": null}}, {"model": "api_geo_burkina.departements", "pk": 286, "fields": {"nom": "Biéha", "province": null}}, {"model": "api_geo_burkina.departements", "pk": 287, "fields": {"nom": "Boura", "province": null}}, {"model": "api_geo_burkina.departements", "pk": 288, "fields": {"nom": "Nabiélianayou", "province": null}}, {"model": "api_geo_burkina.departements", "pk": 289, "fields": {"nom": "Nianbouri", "province": null}}, {"model": "api_geo_burkina.departements", "pk": 290, "fields": {"nom": "Silly", "province": null}}, {"model": "api_geo_burkina.departements", "pk": 291, "fields": {"nom": "Tô", "province": null}}, {"model": "api_geo_burkina.departements", "pk": 292, "fields": {"nom": "Arbinda", "province": null}}, {"model": "api_geo_burkina.departements", "pk": 293, "fields": {"nom": "Baraboulé", "province": null}}, {"model": "api_geo_burkina.departements", "pk": 294, "fields": {"nom": "Djiguel", "province": null}}, {"model": "api_geo_burkina.departements", "pk": 295, "fields": {"nom": "Koutougou", "province": null}}, {"model": "api_geo_burkina.departements", "pk": 296, "fields": {"nom": "Nasoumbou", "province": null}}, {"model": "api_geo_burkina.departements", "pk": 297, "fields": {"nom": "Pobé-Mangao", "province": null}}, {"model": "api_geo_burkina.departements", "pk": 298, "fields": {"nom": "Tongomayel", "province": null}}, {"model": "api_geo_burkina.departements", "pk": 299, "fields": {"nom": "Kelbo", "province": null}}, {"model": "api_geo_burkina.departements", "pk": 300, "fields": {"nom": "Di", "province": null}}, {"model": "api_geo_burkina.departements", "pk": 301, "fields": {"nom": "Gomboro", "province": null}}, {"model": "api_geo_burkina.departements", "pk": 302, "fields": {"nom": "Kassoum", "province": null}}, {"model": "api_geo_burkina.departements", "pk": 303, "fields": {"nom": "Kiembara", "province": null}}, {"model": "api_geo_burkina.departements", "pk": 304, "fields": {"nom": "Lanfiéra", "province": null}}, {"model": "api_geo_burkina.departements", "pk": 305, "fields": {"nom": "Lankoué", "province": null}}, {"model": "api_geo_burkina.departements", "pk": 306, "fields": {"nom": "Toéni", "province": null}}, {"model": "api_geo_burkina.departements", "pk": 307, "fields": {"nom": "Bottou", "province": null}}, {"model": "api_geo_burkina.departements", "pk": 308, "fields": {"nom": "Kantchari", "province": null}}, {"model": "api_geo_burkina.departements", "pk": 309, "fields": {"nom": "Logobou", "province": null}}, {"model": "api_geo_burkina.departements", "pk": 310, "fields": {"nom": "Namounou", "province": null}}, {"model": "api_geo_burkina.departements", "pk": 311, "fields": {"nom": "Partiaga", "province": null}}, {"model": "api_geo_burkina.departements", "pk": 312, "fields": {"nom": "Tambaga", "province": null}}, {"model": "api_geo_burkina.departements", "pk": 313, "fields": {"nom": "Tansarga", "province": null}}, {"model": "api_geo_burkina.departements", "pk": 314, "fields": {"nom": "Békuy", "province": null}}, {"model": "api_geo_burkina.departements", "pk": 315, "fields": {"nom": "Béréba", "province": null}}, {"model": "api_geo_burkina.departements", "pk": 316, "fields": {"nom": "Boni", "province": null}}, {"model": "api_geo_burkina.departements", "pk": 317, "fields": {"nom": "Fonzan", "province": null}}, {"model": "api_geo_burkina.departements", "pk": 318, "fields": {"nom": "Koti", "province": null}}, {"model": "api_geo_burkina.departements", "pk": 319, "fields": {"nom": "Koumbia", "province": null}}, {"model": "api_geo_burkina.departements", "pk": 320, "fields": {"nom": "Bonodoré", "province": null}}, {"model": "api_geo_burkina.departements", "pk": 321, "fields": {"nom": "Mansila", "province": null}}, {"model": "api_geo_burkina.departements", "pk": 322, "fields": {"nom": "Solhan", "province": null}}, {"model": "api_geo_burkina.departements", "pk": 323, "fields": {"nom": "Tankougounadié", "province": null}}, {"model": "api_geo_burkina.departements", "pk": 324, "fields": {"nom": "Titabé", "province": null}}, {"model": "api_geo_burkina.departements", "pk": 325, "fields": {"nom": "Barga", "province": 42}}, {"model": "api_geo_burkina.departements", "pk": 326, "fields": {"nom": "Kaïn", "province": 42}}, {"model": "api_geo_burkina.departements", "pk": 327, "fields": {"nom": "Kalsaka", "province": 42}}, {"model": "api_geo_burkina.departements", "pk": 328, "fields": {"nom": "Koumbri", "province": 42}}, {"model": "api_geo_burkina.departements", "pk": 329, "fields": {"nom": "Kossouka", "province": 42}}, {"model": "api_geo_burkina.departements", "pk": 330, "fields": {"nom": "Namissiguima", "province": 42}}, {"model": "api_geo_burkina.departements", "pk": 331, "fields": {"nom": "Oula", "province": 42}}, {"model": "api_geo_burkina.departements", "pk": 332, "fields": {"nom": "Rambo", "province": 42}}, {"model": "api_geo_burkina.departements", "pk": 333, "fields": {"nom": "Séguénéga", "province": 42}}, {"model": "api_geo_burkina.departements", "pk": 334, "fields": {"nom": "Tangaye", "province": 42}}, {"model": "api_geo_burkina.departements", "pk": 335, "fields": {"nom": "Thiou", "province": 42}}, {"model": "api_geo_burkina.departements", "pk": 336, "fields": {"nom": "Zogoré", "province": 42}}, {"model": "api_geo_burkina.departements", "pk": 337, "fields": {"nom": "Bougnoumou", "province": 43}}, {"model": "api_geo_burkina.departements", "pk": 338, "fields": {"nom": "Cassou", "province": 43}}, {"model": "api_geo_burkina.departements", "pk": 339, "fields": {"nom": "Dalo", "province": 43}}, {"model": "api_geo_burkina.departements", "pk": 340, "fields": {"nom": "Bakata", "province": 43}}, {"model": "api_geo_burkina.departements", "pk": 341, "fields": {"nom": "Gao", "province": 43}}, {"model": "api_geo_burkina.departements", "pk": 342, "fields": {"nom": "Bassi", "province": 44}}, {"model": "api_geo_burkina.departements", "pk": 343, "fields": {"nom": "Boussou", "province": 44}}, {"model": "api_geo_burkina.departements", "pk": 344, "fields": {"nom": "Tougo", "province": 44}}, {"model": "api_geo_burkina.departements", "pk": 345, "fields": {"nom": "Léba", "province": 44}}, {"model": "api_geo_burkina.departements", "pk": 346, "fields": {"nom": "Bindé", "province": 45}}, {"model": "api_geo_burkina.departements", "pk": 347, "fields": {"nom": "Béré", "province": 45}}, {"model": "api_geo_burkina.departements", "pk": 348, "fields": {"nom": "Gogo", "province": 45}}, {"model": "api_geo_burkina.departements", "pk": 349, "fields": {"nom": "Guiba", "province": 45}}, {"model": "api_geo_burkina.departements", "pk": 350, "fields": {"nom": "Gombousgou", "province": 45}}, {"model": "api_geo_burkina.departements", "pk": 351, "fields": {"nom": "Nobéré", "province": 45}}, {"model": "api_geo_burkina.cheflieuprovince", "pk": 1, "fields": {"nom": "Boromo"}}, {"model": "api_geo_burkina.cheflieuprovince", "pk": 2, "fields": {"nom": "Kongoussi"}}, {"model": "api_geo_burkina.cheflieuprovince", "pk": 3, "fields": {"nom": "Solenzo"}}, {"model": "api_geo_burkina.cheflieuprovince", "pk": 4, "fields": {"nom": "Kombissiri"}}, {"model": "api_geo_burkina.cheflieuprovince", "pk": 5, "fields": {"nom": "Diébougou"}}, {"model": "api_geo_burkina.cheflieuprovince", "pk": 6, "fields": {"nom": "Tenkodogo"}}, {"model": "api_geo_burkina.cheflieuprovince", "pk": 7, "fields": {"nom": "Koudougou"}}, {"model": "api_geo_burkina.cheflieuprovince", "pk": 8, "fields": {"nom": "Banfora"}}, {"model": "api_geo_burkina.cheflieuprovince", "pk": 9, "fields": {"nom": "Zorgho"}}, {"model": "api_geo_burkina.cheflieuprovince", "pk": 10, "fields": {"nom": "Bogandé"}}, {"model": "api_geo_burkina.cheflieuprovince", "pk": 11, "fields": {"nom": "Fad N’Gourma"}}, {"model": "api_geo_burkina.cheflieuprovince", "pk": 12, "fields": {"nom": "Bobo-Dioulasso"}}, {"model": "api_geo_burkina.cheflieuprovince", "pk": 13, "fields": {"nom": "Dano"}}, {"model": "api_geo_burkina.cheflieuprovince", "pk": 14, "fields": {"nom": "Ouagadougou"}}, {"model": "api_geo_burkina.cheflieuprovince", "pk": 15, "fields": {"nom": "Orodara"}}, {"model": "api_geo_burkina.cheflieuprovince", "pk": 16, "fields": {"nom": "Gayeri"}}, {"model": "api_geo_burkina.cheflieuprovince", "pk": 17, "fields": {"nom": "Pama"}}, {"model": "api_geo_burkina.cheflieuprovince", "pk": 18, "fields": {"nom": "Nouna"}}, {"model": "api_geo_burkina.cheflieuprovince", "pk": 19, "fields": {"nom": "Ouargaye"}}, {"model": "api_geo_burkina.cheflieuprovince", "pk": 20, "fields": {"nom": "Koupèla"}}, {"model": "api_geo_burkina.cheflieuprovince", "pk": 21, "fields": {"nom": "Boussé"}}, {"model": "api_geo_burkina.cheflieuprovince", "pk": 22, "fields": {"nom": "Sindou"}}, {"model": "api_geo_burkina.cheflieuprovince", "pk": 23, "fields": {"nom": "Titao"}}, {"model": "api_geo_burkina.cheflieuprovince", "pk": 24, "fields": {"nom": "Dédougou"}}, {"model": "api_geo_burkina.cheflieuprovince", "pk": 25, "fields": {"nom": "Pô"}}, {"model": "api_geo_burkina.cheflieuprovince", "pk": 26, "fields": {"nom": "Boulsa"}}, {"model": "api_geo_burkina.cheflieuprovince", "pk": 27, "fields": {"nom": "Toma"}}, {"model": "api_geo_burkina.cheflieuprovince", "pk": 28, "fields": {"nom": "Batié"}}, {"model": "api_geo_burkina.cheflieuprovince", "pk": 29, "fields": {"nom": "Ziniaré"}}, {"model": "api_geo_burkina.cheflieuprovince", "pk": 30, "fields": {"nom": "Gorom-Gorom"}}, {"model": "api_geo_burkina.cheflieuprovince", "pk": 31, "fields": {"nom": "Yako"}}, {"model": "api_geo_burkina.cheflieuprovince", "pk": 32, "fields": {"nom": "Gaoua"}}, {"model": "api_geo_burkina.cheflieuprovince", "pk": 33, "fields": {"nom": "Réo"}}, {"model": "api_geo_burkina.cheflieuprovince", "pk": 34, "fields": {"nom": "Kaya"}}, {"model": "api_geo_burkina.cheflieuprovince", "pk": 35, "fields": {"nom": "Dori"}}, {"model": "api_geo_burkina.cheflieuprovince", "pk": 36, "fields": {"nom": "Léo"}}, {"model": "api_geo_burkina.cheflieuprovince", "pk": 37, "fields": {"nom": "Djibo"}}, {"model": "api_geo_burkina.cheflieuprovince", "pk": 38, "fields": {"nom": "Tougan"}}, {"model": "api_geo_burkina.cheflieuprovince", "pk": 39, "fields": {"nom": "Diapaga"}}, {"model": "api_geo_burkina.cheflieuprovince", "pk": 40, "fields": {"nom": "Houndé"}}, {"model": "api_geo_burkina.cheflieuprovince", "pk": 41, "fields": {"nom": "Sebba"}}, {"model": "api_geo_burkina.cheflieuprovince", "pk": 42, "fields": {"nom": "Ouahigouya"}}, {"model": "api_geo_burkina.cheflieuprovince", "pk": 43, "fields": {"nom": "Sapouy"}}, {"model": "api_geo_burkina.cheflieuprovince", "pk": 44, "fields": {"nom": "Gourcy"}}, {"model": "api_geo_burkina.cheflieuprovince", "pk": 45, "fields": {"nom": "Manga"}}, {"model": "api_geo_burkina.provinces", "pk": 1, "fields": {"nom": "BALE", "chef_lieu": 1, "region": 1}}, {"model": "api_geo_burkina.provinces", "pk": 2, "fields": {"nom": "BAM", "chef_lieu": 2, "region": 5}}, {"model": "api_geo_burkina.provinces", "pk": 3, "fields": {"nom": "BANWA", "chef_lieu": 3, "region": 1}}, {"model": "api_geo_burkina.provinces", "pk": 4, "fields": {"nom": "BAZEGA", "chef_lieu": 4, "region": 7}}, {"model": "api_geo_burkina.provinces", "pk": 5, "fields": {"nom": "BOUGOURIBA", "chef_lieu": 5, "region": 13}}, {"model": "api_geo_burkina.provinces", "pk": 6, "fields": {"nom": "BOULGOU", "chef_lieu": 6, "region": 4}}, {"model": "api_geo_burkina.provinces", "pk": 7, "fields": {"nom": "BOUKIEMDE", "chef_lieu": 7, "region": 6}}, {"model": "api_geo_burkina.provinces", "pk": 8, "fields": {"nom": "COMOE", "chef_lieu": 8, "region": 2}}, {"model": "api_geo_burkina.provinces", "pk": 9, "fields": {"nom": "GANZOURGOU", "chef_lieu": 9, "region": 11}}, {"model": "api_geo_burkina.provinces", "pk": 10, "fields": {"nom": "GNAGNA", "chef_lieu": 10, "region": 9}}, {"model": "api_geo_burkina.provinces", "pk": 11, "fields": {"nom": "GOURMA", "chef_lieu": 11, "region": 8}}, {"model": "api_geo_burkina.provinces", "pk": 12, "fields": {"nom": "HOUET", "chef_lieu": 12, "region": 9}}, {"model": "api_geo_burkina.provinces", "pk": 13, "fields": {"nom": "LOBA", "chef_lieu": 13, "region": 13}}, {"model": "api_geo_burkina.provinces", "pk": 14, "fields": {"nom": "KADIOGO", "chef_lieu": 14, "region": 3}}, {"model": "api_geo_burkina.provinces", "pk": 15, "fields": {"nom": "KENEDOUGOU", "chef_lieu": 15, "region": 9}}, {"model": "api_geo_burkina.provinces", "pk": 16, "fields": {"nom": "KOMONDJARI", "chef_lieu": 16, "region": 8}}, {"model": "api_geo_burkina.provinces", "pk": 17, "fields": {"nom": "KOMPIENGA", "chef_lieu": 17, "region": 8}}, {"model": "api_geo_burkina.provinces", "pk": 18, "fields": {"nom": "KOSSI", "chef_lieu": 18, "region": 1}}, {"model": "api_geo_burkina.provinces", "pk": 19, "fields": {"nom": "KOULPELOGO", "chef_lieu": 19, "region": 4}}, {"model": "api_geo_burkina.provinces", "pk": 20, "fields": {"nom": "KOURITENGA", "chef_lieu": 20, "region": 4}}, {"model": "api_geo_burkina.provinces", "pk": 21, "fields": {"nom": "KOURWEOGO", "chef_lieu": 21, "region": 11}}, {"model": "api_geo_burkina.provinces", "pk": 22, "fields": {"nom": "LERABA", "chef_lieu": 22, "region": 2}}, {"model": "api_geo_burkina.provinces", "pk": 23, "fields": {"nom": "LOROUM", "chef_lieu": 23, "region": 10}}, {"model": "api_geo_burkina.provinces", "pk": 24, "fields": {"nom": "MOUHOUN", "chef_lieu": 24, "region": 1}}, {"model": "api_geo_burkina.provinces", "pk": 25, "fields": {"nom": "NAHOURI", "chef_lieu": 25, "region": 7}}, {"model": "api_geo_burkina.provinces", "pk": 26, "fields": {"nom": "NAMENTENGA", "chef_lieu": 26, "region": 5}}, {"model": "api_geo_burkina.provinces", "pk": 27, "fields": {"nom": "NAYALA", "chef_lieu": 27, "region": 1}}, {"model": "api_geo_burkina.provinces", "pk": 28, "fields": {"nom": "NOUMBIEL", "chef_lieu": 28, "region": 13}}, {"model": "api_geo_burkina.provinces", "pk": 29, "fields": {"nom": "OUBRITENGA", "chef_lieu": 29, "region": 11}}, {"model": "api_geo_burkina.provinces", "pk": 30, "fields": {"nom": "OUDALAN", "chef_lieu": 30, "region": 12}}, {"model": "api_geo_burkina.provinces", "pk": 31, "fields": {"nom": "PASSORE", "chef_lieu": 31, "region": 10}}, {"model": "api_geo_burkina.provinces", "pk": 32, "fields": {"nom": "PONI", "chef_lieu": 32, "region": 13}}, {"model": "api_geo_burkina.provinces", "pk": 33, "fields": {"nom": "SANGUIE", "chef_lieu": 33, "region": 6}}, {"model": "api_geo_burkina.provinces", "pk": 34, "fields": {"nom": "SANMATENGA", "chef_lieu": 34, "region": 5}}, {"model": "api_geo_burkina.provinces", "pk": 35, "fields": {"nom": "SENO", "chef_lieu": 35, "region": 12}}, {"model": "api_geo_burkina.provinces", "pk": 36, "fields": {"nom": "SISSILI", "chef_lieu": 36, "region": 6}}, {"model": "api_geo_burkina.provinces", "pk": 37, "fields": {"nom": "SOUM", "chef_lieu": 37, "region": 12}}, {"model": "api_geo_burkina.provinces", "pk": 38, "fields": {"nom": "SOUROU", "chef_lieu": 38, "region": 1}}, {"model": "api_geo_burkina.provinces", "pk": 39, "fields": {"nom": "TAPOA", "chef_lieu": 39, "region": 8}}, {"model": "api_geo_burkina.provinces", "pk": 40, "fields": {"nom": "TUY", "chef_lieu": 40, "region": 9}}, {"model": "api_geo_burkina.provinces", "pk": 41, "fields": {"nom": "YAGHA", "chef_lieu": 41, "region": 12}}, {"model": "api_geo_burkina.provinces", "pk": 42, "fields": {"nom": "YATENGA", "chef_lieu": 42, "region": 10}}, {"model": "api_geo_burkina.provinces", "pk": 43, "fields": {"nom": "ZIRO", "chef_lieu": 43, "region": 6}}, {"model": "api_geo_burkina.provinces", "pk": 44, "fields": {"nom": "ZONDOMA", "chef_lieu": 44, "region": 10}}, {"model": "api_geo_burkina.provinces", "pk": 45, "fields": {"nom": "ZOUNDWEOGO", "chef_lieu": 45, "region": 7}}, {"model": "api_geo_burkina.region", "pk": 1, "fields": {"nom": "Boucle du Mouhoun", "chef_lieu": 5}}, {"model": "api_geo_burkina.region", "pk": 2, "fields": {"nom": "Cascade", "chef_lieu": 8}}, {"model": "api_geo_burkina.region", "pk": 3, "fields": {"nom": "Centre", "chef_lieu": 14}}, {"model": "api_geo_burkina.region", "pk": 4, "fields": {"nom": "Centre Est", "chef_lieu": 6}}, {"model": "api_geo_burkina.region", "pk": 5, "fields": {"nom": "Centre Nord", "chef_lieu": 34}}, {"model": "api_geo_burkina.region", "pk": 6, "fields": {"nom": "Centre Ouest", "chef_lieu": 7}}, {"model": "api_geo_burkina.region", "pk": 7, "fields": {"nom": "Centre Sud", "chef_lieu": 45}}, {"model": "api_geo_burkina.region", "pk": 8, "fields": {"nom": "Est", "chef_lieu": 11}}, {"model": "api_geo_burkina.region", "pk": 9, "fields": {"nom": "Haut Bassins", "chef_lieu": 12}}, {"model": "api_geo_burkina.region", "pk": 10, "fields": {"nom": "Nord", "chef_lieu": 42}}, {"model": "api_geo_burkina.region", "pk": 11, "fields": {"nom": "Plateau Central", "chef_lieu": 29}}, {"model": "api_geo_burkina.region", "pk": 12, "fields": {"nom": "Sahel", "chef_lieu": 35}}, {"model": "api_geo_burkina.region", "pk": 13, "fields": {"nom": "Sud Ouest", "chef_lieu": 32}}]